"0","# $H3K4me3"
"0","# Section"
"0","list_peak$H3K4me3 <- GRangesList()"
"0","# Subsections"
"0","list_peak$H3K4me3$Individual_1_BC <- list_peak_wasp$H3K4me3_BC[[1]]     %>% keepSeqlevels(const_canonical_chromosomes, pruning.mode = ""coarse"")"
"0","list_peak$H3K4me3$Individual_2_BC <- list_peak_wasp$H3K4me3_BC[[2]]     %>% keepSeqlevels(const_canonical_chromosomes, pruning.mode = ""coarse"")"
"0","list_peak$H3K4me3$Individual_3_BC <- list_peak_wasp$H3K4me3_BC[[3]]     %>% keepSeqlevels(const_canonical_chromosomes, pruning.mode = ""coarse"")"
"0","list_peak$H3K4me3$Individual_4_BC <- list_peak_wasp$H3K4me3_BC[[4]]     %>% keepSeqlevels(const_canonical_chromosomes, pruning.mode = ""coarse"")"
"0","list_peak$H3K4me3$Individual_5_BC <- list_peak_wasp$H3K4me3_BC[[5]]     %>% keepSeqlevels(const_canonical_chromosomes, pruning.mode = ""coarse"")"
"0","list_peak$H3K4me3$Individual_6_BC <- list_peak_wasp$H3K4me3_BC[[6]]     %>% keepSeqlevels(const_canonical_chromosomes, pruning.mode = ""coarse"")"
"0","list_peak$H3K4me3$Individual_7_BC <- list_peak_wasp$H3K4me3_BC[[7]]     %>% keepSeqlevels(const_canonical_chromosomes, pruning.mode = ""coarse"")"
"0","list_peak$H3K4me3$Individual_8_BC <- list_peak_wasp$H3K4me3_BC[[8]]     %>% keepSeqlevels(const_canonical_chromosomes, pruning.mode = ""coarse"")"
"0","list_peak$H3K4me3$Individual_1_LP <- list_peak_wasp$H3K4me3_LP[[1]]     %>% keepSeqlevels(const_canonical_chromosomes, pruning.mode = ""coarse"")"
"0","list_peak$H3K4me3$Individual_2_LP <- list_peak_wasp$H3K4me3_LP[[2]]     %>% keepSeqlevels(const_canonical_chromosomes, pruning.mode = ""coarse"")"
"0","list_peak$H3K4me3$Individual_3_LP <- list_peak_wasp$H3K4me3_LP[[3]]     %>% keepSeqlevels(const_canonical_chromosomes, pruning.mode = ""coarse"")"
"0","list_peak$H3K4me3$Individual_4_LP <- list_peak_wasp$H3K4me3_LP[[4]]     %>% keepSeqlevels(const_canonical_chromosomes, pruning.mode = ""coarse"")"
"0","list_peak$H3K4me3$Individual_5_LP <- list_peak_wasp$H3K4me3_LP[[5]]     %>% keepSeqlevels(const_canonical_chromosomes, pruning.mode = ""coarse"")"
"0","list_peak$H3K4me3$Individual_6_LP <- list_peak_wasp$H3K4me3_LP[[6]]     %>% keepSeqlevels(const_canonical_chromosomes, pruning.mode = ""coarse"")"
"0","list_peak$H3K4me3$Individual_7_LP <- list_peak_wasp$H3K4me3_LP[[7]]     %>% keepSeqlevels(const_canonical_chromosomes, pruning.mode = ""coarse"")"
"0","list_peak$H3K4me3$Individual_8_LP <- list_peak_wasp$H3K4me3_LP[[8]]     %>% keepSeqlevels(const_canonical_chromosomes, pruning.mode = ""coarse"")"
"0","list_peak$H3K4me3$Individual_1_LC <- list_peak_wasp$H3K4me3_LC[[1]]     %>% keepSeqlevels(const_canonical_chromosomes, pruning.mode = ""coarse"")"
"0","list_peak$H3K4me3$Individual_2_LC <- list_peak_wasp$H3K4me3_LC[[2]]     %>% keepSeqlevels(const_canonical_chromosomes, pruning.mode = ""coarse"")"
"0","list_peak$H3K4me3$Individual_3_LC <- list_peak_wasp$H3K4me3_LC[[3]]     %>% keepSeqlevels(const_canonical_chromosomes, pruning.mode = ""coarse"")"
"0","list_peak$H3K4me3$Individual_4_LC <- list_peak_wasp$H3K4me3_LC[[4]]     %>% keepSeqlevels(const_canonical_chromosomes, pruning.mode = ""coarse"")"
"0","list_peak$H3K4me3$Individual_5_LC <- list_peak_wasp$H3K4me3_LC[[5]]     %>% keepSeqlevels(const_canonical_chromosomes, pruning.mode = ""coarse"")"
"0","list_peak$H3K4me3$Individual_6_LC <- list_peak_wasp$H3K4me3_LC[[6]]     %>% keepSeqlevels(const_canonical_chromosomes, pruning.mode = ""coarse"")"
"0","list_peak$H3K4me3$Individual_7_LC <- list_peak_wasp$H3K4me3_LC[[7]]     %>% keepSeqlevels(const_canonical_chromosomes, pruning.mode = ""coarse"")"
"0","list_peak$H3K4me3$Individual_8_LC <- list_peak_wasp$H3K4me3_LC[[8]]     %>% keepSeqlevels(const_canonical_chromosomes, pruning.mode = ""coarse"")"
"0","list_peak$H3K4me3$Individual_1_SC <- list_peak_wasp$H3K4me3_SC[[1]]     %>% keepSeqlevels(const_canonical_chromosomes, pruning.mode = ""coarse"")"
"0","list_peak$H3K4me3$Individual_2_SC <- list_peak_wasp$H3K4me3_SC[[2]]     %>% keepSeqlevels(const_canonical_chromosomes, pruning.mode = ""coarse"")"
"0","list_peak$H3K4me3$Individual_3_SC <- list_peak_wasp$H3K4me3_SC[[3]]     %>% keepSeqlevels(const_canonical_chromosomes, pruning.mode = ""coarse"")"
"0","list_peak$H3K4me3$Individual_4_SC <- list_peak_wasp$H3K4me3_SC[[4]]     %>% keepSeqlevels(const_canonical_chromosomes, pruning.mode = ""coarse"")"
"0","list_peak$H3K4me3$Individual_5_SC <- list_peak_wasp$H3K4me3_SC[[5]]     %>% keepSeqlevels(const_canonical_chromosomes, pruning.mode = ""coarse"")"
"0","list_peak$H3K4me3$Individual_6_SC <- list_peak_wasp$H3K4me3_SC[[6]]     %>% keepSeqlevels(const_canonical_chromosomes, pruning.mode = ""coarse"")"
"0","list_peak$H3K4me3$Individual_7_SC <- list_peak_wasp$H3K4me3_SC[[7]]     %>% keepSeqlevels(const_canonical_chromosomes, pruning.mode = ""coarse"")"
"0","list_peak$H3K4me3$Individual_8_SC <- list_peak_wasp$H3K4me3_SC[[8]]     %>% keepSeqlevels(const_canonical_chromosomes, pruning.mode = ""coarse"")"
"0","list_peak$H3K4me3$MCF10A          <- cl_peak_wasp$H3K4me3[[""mcf10a""]]   %>% keepSeqlevels(const_canonical_chromosomes, pruning.mode = ""coarse"")"
"0","list_peak$H3K4me3$hTERT_L9        <- cl_peak_wasp$H3K4me3[[""htert_l9""]] %>% keepSeqlevels(const_canonical_chromosomes, pruning.mode = ""coarse"")"
"0","list_peak$H3K4me3$hTERT_L2        <- cl_peak_wasp$H3K4me3[[""htert_l2""]] %>% keepSeqlevels(const_canonical_chromosomes, pruning.mode = ""coarse"")"
"0",""
"0","# $H3K27ac"
"0","# Section"
"0","list_peak$H3K27ac <- GRangesList()"
"0","# Subsections"
"0","list_peak$H3K27ac$Individual_1_BC <- list_peak_wasp$H3K27ac_BC[[1]]     %>% keepSeqlevels(const_canonical_chromosomes, pruning.mode = ""coarse"")"
"0","list_peak$H3K27ac$Individual_2_BC <- list_peak_wasp$H3K27ac_BC[[2]]     %>% keepSeqlevels(const_canonical_chromosomes, pruning.mode = ""coarse"")"
"0","list_peak$H3K27ac$Individual_3_BC <- list_peak_wasp$H3K27ac_BC[[3]]     %>% keepSeqlevels(const_canonical_chromosomes, pruning.mode = ""coarse"")"
"0","list_peak$H3K27ac$Individual_4_BC <- list_peak_wasp$H3K27ac_BC[[4]]     %>% keepSeqlevels(const_canonical_chromosomes, pruning.mode = ""coarse"")"
"0","list_peak$H3K27ac$Individual_5_BC <- list_peak_wasp$H3K27ac_BC[[5]]     %>% keepSeqlevels(const_canonical_chromosomes, pruning.mode = ""coarse"")"
"0","list_peak$H3K27ac$Individual_6_BC <- list_peak_wasp$H3K27ac_BC[[6]]     %>% keepSeqlevels(const_canonical_chromosomes, pruning.mode = ""coarse"")"
"0","list_peak$H3K27ac$Individual_7_BC <- list_peak_wasp$H3K27ac_BC[[7]]     %>% keepSeqlevels(const_canonical_chromosomes, pruning.mode = ""coarse"")"
"0","list_peak$H3K27ac$Individual_8_BC <- list_peak_wasp$H3K27ac_BC[[8]]     %>% keepSeqlevels(const_canonical_chromosomes, pruning.mode = ""coarse"")"
"0","list_peak$H3K27ac$Individual_1_LP <- list_peak_wasp$H3K27ac_LP[[1]]     %>% keepSeqlevels(const_canonical_chromosomes, pruning.mode = ""coarse"")"
"0","list_peak$H3K27ac$Individual_2_LP <- list_peak_wasp$H3K27ac_LP[[2]]     %>% keepSeqlevels(const_canonical_chromosomes, pruning.mode = ""coarse"")"
"0","list_peak$H3K27ac$Individual_3_LP <- list_peak_wasp$H3K27ac_LP[[3]]     %>% keepSeqlevels(const_canonical_chromosomes, pruning.mode = ""coarse"")"
"0","list_peak$H3K27ac$Individual_4_LP <- list_peak_wasp$H3K27ac_LP[[4]]     %>% keepSeqlevels(const_canonical_chromosomes, pruning.mode = ""coarse"")"
"0","list_peak$H3K27ac$Individual_5_LP <- list_peak_wasp$H3K27ac_LP[[5]]     %>% keepSeqlevels(const_canonical_chromosomes, pruning.mode = ""coarse"")"
"0","list_peak$H3K27ac$Individual_6_LP <- list_peak_wasp$H3K27ac_LP[[6]]     %>% keepSeqlevels(const_canonical_chromosomes, pruning.mode = ""coarse"")"
"0","list_peak$H3K27ac$Individual_7_LP <- list_peak_wasp$H3K27ac_LP[[7]]     %>% keepSeqlevels(const_canonical_chromosomes, pruning.mode = ""coarse"")"
"0","list_peak$H3K27ac$Individual_8_LP <- list_peak_wasp$H3K27ac_LP[[8]]     %>% keepSeqlevels(const_canonical_chromosomes, pruning.mode = ""coarse"")"
"0","list_peak$H3K27ac$Individual_1_LC <- list_peak_wasp$H3K27ac_LC[[1]]     %>% keepSeqlevels(const_canonical_chromosomes, pruning.mode = ""coarse"")"
"0","list_peak$H3K27ac$Individual_2_LC <- list_peak_wasp$H3K27ac_LC[[2]]     %>% keepSeqlevels(const_canonical_chromosomes, pruning.mode = ""coarse"")"
"0","list_peak$H3K27ac$Individual_3_LC <- list_peak_wasp$H3K27ac_LC[[3]]     %>% keepSeqlevels(const_canonical_chromosomes, pruning.mode = ""coarse"")"
"0","list_peak$H3K27ac$Individual_4_LC <- list_peak_wasp$H3K27ac_LC[[4]]     %>% keepSeqlevels(const_canonical_chromosomes, pruning.mode = ""coarse"")"
"0","list_peak$H3K27ac$Individual_5_LC <- list_peak_wasp$H3K27ac_LC[[5]]     %>% keepSeqlevels(const_canonical_chromosomes, pruning.mode = ""coarse"")"
"0","list_peak$H3K27ac$Individual_6_LC <- list_peak_wasp$H3K27ac_LC[[6]]     %>% keepSeqlevels(const_canonical_chromosomes, pruning.mode = ""coarse"")"
"0","list_peak$H3K27ac$Individual_7_LC <- list_peak_wasp$H3K27ac_LC[[7]]     %>% keepSeqlevels(const_canonical_chromosomes, pruning.mode = ""coarse"")"
"0","list_peak$H3K27ac$Individual_8_LC <- list_peak_wasp$H3K27ac_LC[[8]]     %>% keepSeqlevels(const_canonical_chromosomes, pruning.mode = ""coarse"")"
"0","list_peak$H3K27ac$Individual_1_SC <- list_peak_wasp$H3K27ac_SC[[1]]     %>% keepSeqlevels(const_canonical_chromosomes, pruning.mode = ""coarse"")"
"0","list_peak$H3K27ac$Individual_2_SC <- list_peak_wasp$H3K27ac_SC[[2]]     %>% keepSeqlevels(const_canonical_chromosomes, pruning.mode = ""coarse"")"
"0","list_peak$H3K27ac$Individual_3_SC <- list_peak_wasp$H3K27ac_SC[[3]]     %>% keepSeqlevels(const_canonical_chromosomes, pruning.mode = ""coarse"")"
"0","list_peak$H3K27ac$Individual_4_SC <- list_peak_wasp$H3K27ac_SC[[4]]     %>% keepSeqlevels(const_canonical_chromosomes, pruning.mode = ""coarse"")"
"0","list_peak$H3K27ac$Individual_5_SC <- list_peak_wasp$H3K27ac_SC[[5]]     %>% keepSeqlevels(const_canonical_chromosomes, pruning.mode = ""coarse"")"
"0","list_peak$H3K27ac$Individual_6_SC <- list_peak_wasp$H3K27ac_SC[[6]]     %>% keepSeqlevels(const_canonical_chromosomes, pruning.mode = ""coarse"")"
"0","list_peak$H3K27ac$Individual_7_SC <- list_peak_wasp$H3K27ac_SC[[7]]     %>% keepSeqlevels(const_canonical_chromosomes, pruning.mode = ""coarse"")"
"0","list_peak$H3K27ac$Individual_8_SC <- list_peak_wasp$H3K27ac_SC[[8]]     %>% keepSeqlevels(const_canonical_chromosomes, pruning.mode = ""coarse"")"
"0","list_peak$H3K27ac$MCF10A          <- cl_peak_wasp$H3K27ac[[""mcf10a""]]   %>% keepSeqlevels(const_canonical_chromosomes, pruning.mode = ""coarse"")"
"0","list_peak$H3K27ac$hTERT_L9        <- cl_peak_wasp$H3K27ac[[""htert_l9""]] %>% keepSeqlevels(const_canonical_chromosomes, pruning.mode = ""coarse"")"
"0","list_peak$H3K27ac$hTERT_L2        <- cl_peak_wasp$H3K27ac[[""htert_l2""]] %>% keepSeqlevels(const_canonical_chromosomes, pruning.mode = ""coarse"")"
"0",""
"0","# $H3K4me1"
"0","# Section"
"0","list_peak$H3K4me1 <- GRangesList()"
"0","# Subsections"
"0","list_peak$H3K4me1$Individual_1_BC <- list_peak_wasp$H3K4me1_BC[[1]]     %>% keepSeqlevels(const_canonical_chromosomes, pruning.mode = ""coarse"")"
"0","list_peak$H3K4me1$Individual_2_BC <- list_peak_wasp$H3K4me1_BC[[2]]     %>% keepSeqlevels(const_canonical_chromosomes, pruning.mode = ""coarse"")"
"0","list_peak$H3K4me1$Individual_3_BC <- list_peak_wasp$H3K4me1_BC[[3]]     %>% keepSeqlevels(const_canonical_chromosomes, pruning.mode = ""coarse"")"
"0","list_peak$H3K4me1$Individual_4_BC <- list_peak_wasp$H3K4me1_BC[[4]]     %>% keepSeqlevels(const_canonical_chromosomes, pruning.mode = ""coarse"")"
"0","list_peak$H3K4me1$Individual_5_BC <- list_peak_wasp$H3K4me1_BC[[5]]     %>% keepSeqlevels(const_canonical_chromosomes, pruning.mode = ""coarse"")"
"0","list_peak$H3K4me1$Individual_6_BC <- list_peak_wasp$H3K4me1_BC[[6]]     %>% keepSeqlevels(const_canonical_chromosomes, pruning.mode = ""coarse"")"
"0","list_peak$H3K4me1$Individual_7_BC <- list_peak_wasp$H3K4me1_BC[[7]]     %>% keepSeqlevels(const_canonical_chromosomes, pruning.mode = ""coarse"")"
"0","list_peak$H3K4me1$Individual_8_BC <- list_peak_wasp$H3K4me1_BC[[8]]     %>% keepSeqlevels(const_canonical_chromosomes, pruning.mode = ""coarse"")"
"0","list_peak$H3K4me1$Individual_1_LP <- list_peak_wasp$H3K4me1_LP[[1]]     %>% keepSeqlevels(const_canonical_chromosomes, pruning.mode = ""coarse"")"
"0","list_peak$H3K4me1$Individual_2_LP <- list_peak_wasp$H3K4me1_LP[[2]]     %>% keepSeqlevels(const_canonical_chromosomes, pruning.mode = ""coarse"")"
"0","list_peak$H3K4me1$Individual_3_LP <- list_peak_wasp$H3K4me1_LP[[3]]     %>% keepSeqlevels(const_canonical_chromosomes, pruning.mode = ""coarse"")"
"0","list_peak$H3K4me1$Individual_4_LP <- list_peak_wasp$H3K4me1_LP[[4]]     %>% keepSeqlevels(const_canonical_chromosomes, pruning.mode = ""coarse"")"
"0","list_peak$H3K4me1$Individual_5_LP <- list_peak_wasp$H3K4me1_LP[[5]]     %>% keepSeqlevels(const_canonical_chromosomes, pruning.mode = ""coarse"")"
"0","list_peak$H3K4me1$Individual_6_LP <- list_peak_wasp$H3K4me1_LP[[6]]     %>% keepSeqlevels(const_canonical_chromosomes, pruning.mode = ""coarse"")"
"0","list_peak$H3K4me1$Individual_7_LP <- list_peak_wasp$H3K4me1_LP[[7]]     %>% keepSeqlevels(const_canonical_chromosomes, pruning.mode = ""coarse"")"
"0","list_peak$H3K4me1$Individual_8_LP <- list_peak_wasp$H3K4me1_LP[[8]]     %>% keepSeqlevels(const_canonical_chromosomes, pruning.mode = ""coarse"")"
"0","list_peak$H3K4me1$Individual_1_LC <- list_peak_wasp$H3K4me1_LC[[1]]     %>% keepSeqlevels(const_canonical_chromosomes, pruning.mode = ""coarse"")"
"0","list_peak$H3K4me1$Individual_2_LC <- list_peak_wasp$H3K4me1_LC[[2]]     %>% keepSeqlevels(const_canonical_chromosomes, pruning.mode = ""coarse"")"
"0","list_peak$H3K4me1$Individual_3_LC <- list_peak_wasp$H3K4me1_LC[[3]]     %>% keepSeqlevels(const_canonical_chromosomes, pruning.mode = ""coarse"")"
"0","list_peak$H3K4me1$Individual_4_LC <- list_peak_wasp$H3K4me1_LC[[4]]     %>% keepSeqlevels(const_canonical_chromosomes, pruning.mode = ""coarse"")"
"0","list_peak$H3K4me1$Individual_5_LC <- list_peak_wasp$H3K4me1_LC[[5]]     %>% keepSeqlevels(const_canonical_chromosomes, pruning.mode = ""coarse"")"
"0","list_peak$H3K4me1$Individual_6_LC <- list_peak_wasp$H3K4me1_LC[[6]]     %>% keepSeqlevels(const_canonical_chromosomes, pruning.mode = ""coarse"")"
"0","list_peak$H3K4me1$Individual_7_LC <- list_peak_wasp$H3K4me1_LC[[7]]     %>% keepSeqlevels(const_canonical_chromosomes, pruning.mode = ""coarse"")"
"0","list_peak$H3K4me1$Individual_8_LC <- list_peak_wasp$H3K4me1_LC[[8]]     %>% keepSeqlevels(const_canonical_chromosomes, pruning.mode = ""coarse"")"
"0","list_peak$H3K4me1$Individual_1_SC <- list_peak_wasp$H3K4me1_SC[[1]]     %>% keepSeqlevels(const_canonical_chromosomes, pruning.mode = ""coarse"")"
"0","list_peak$H3K4me1$Individual_2_SC <- list_peak_wasp$H3K4me1_SC[[2]]     %>% keepSeqlevels(const_canonical_chromosomes, pruning.mode = ""coarse"")"
"0","list_peak$H3K4me1$Individual_3_SC <- list_peak_wasp$H3K4me1_SC[[3]]     %>% keepSeqlevels(const_canonical_chromosomes, pruning.mode = ""coarse"")"
"0","list_peak$H3K4me1$Individual_4_SC <- list_peak_wasp$H3K4me1_SC[[4]]     %>% keepSeqlevels(const_canonical_chromosomes, pruning.mode = ""coarse"")"
"0","list_peak$H3K4me1$Individual_5_SC <- list_peak_wasp$H3K4me1_SC[[5]]     %>% keepSeqlevels(const_canonical_chromosomes, pruning.mode = ""coarse"")"
"0","list_peak$H3K4me1$Individual_6_SC <- list_peak_wasp$H3K4me1_SC[[6]]     %>% keepSeqlevels(const_canonical_chromosomes, pruning.mode = ""coarse"")"
"0","list_peak$H3K4me1$Individual_7_SC <- list_peak_wasp$H3K4me1_SC[[7]]     %>% keepSeqlevels(const_canonical_chromosomes, pruning.mode = ""coarse"")"
"0","list_peak$H3K4me1$Individual_8_SC <- list_peak_wasp$H3K4me1_SC[[8]]     %>% keepSeqlevels(const_canonical_chromosomes, pruning.mode = ""coarse"")"
"0","list_peak$H3K4me1$MCF10A          <- cl_peak_wasp$H3K4me1[[""mcf10a""]]   %>% keepSeqlevels(const_canonical_chromosomes, pruning.mode = ""coarse"")"
"0","list_peak$H3K4me1$hTERT_L9        <- cl_peak_wasp$H3K4me1[[""htert_l9""]] %>% keepSeqlevels(const_canonical_chromosomes, pruning.mode = ""coarse"")"
"0","list_peak$H3K4me1$hTERT_L2        <- cl_peak_wasp$H3K4me1[[""htert_l2""]] %>% keepSeqlevels(const_canonical_chromosomes, pruning.mode = ""coarse"")"
"0",""
"0","# $H3K9me3"
"0","# Section"
"0","list_peak$H3K9me3 <- GRangesList()"
"0","# Subsections"
"0","list_peak$H3K9me3$Individual_1_BC <- list_peak_wasp$H3K9me3_BC[[1]]     %>% keepSeqlevels(const_canonical_chromosomes, pruning.mode = ""coarse"")"
"0","list_peak$H3K9me3$Individual_2_BC <- list_peak_wasp$H3K9me3_BC[[2]]     %>% keepSeqlevels(const_canonical_chromosomes, pruning.mode = ""coarse"")"
"0","list_peak$H3K9me3$Individual_3_BC <- list_peak_wasp$H3K9me3_BC[[3]]     %>% keepSeqlevels(const_canonical_chromosomes, pruning.mode = ""coarse"")"
"0","list_peak$H3K9me3$Individual_4_BC <- list_peak_wasp$H3K9me3_BC[[4]]     %>% keepSeqlevels(const_canonical_chromosomes, pruning.mode = ""coarse"")"
"0","list_peak$H3K9me3$Individual_5_BC <- list_peak_wasp$H3K9me3_BC[[5]]     %>% keepSeqlevels(const_canonical_chromosomes, pruning.mode = ""coarse"")"
"0","list_peak$H3K9me3$Individual_6_BC <- list_peak_wasp$H3K9me3_BC[[6]]     %>% keepSeqlevels(const_canonical_chromosomes, pruning.mode = ""coarse"")"
"0","list_peak$H3K9me3$Individual_7_BC <- list_peak_wasp$H3K9me3_BC[[7]]     %>% keepSeqlevels(const_canonical_chromosomes, pruning.mode = ""coarse"")"
"0","list_peak$H3K9me3$Individual_8_BC <- list_peak_wasp$H3K9me3_BC[[8]]     %>% keepSeqlevels(const_canonical_chromosomes, pruning.mode = ""coarse"")"
"0","list_peak$H3K9me3$Individual_1_LP <- list_peak_wasp$H3K9me3_LP[[1]]     %>% keepSeqlevels(const_canonical_chromosomes, pruning.mode = ""coarse"")"
"0","list_peak$H3K9me3$Individual_2_LP <- list_peak_wasp$H3K9me3_LP[[2]]     %>% keepSeqlevels(const_canonical_chromosomes, pruning.mode = ""coarse"")"
"0","list_peak$H3K9me3$Individual_3_LP <- list_peak_wasp$H3K9me3_LP[[3]]     %>% keepSeqlevels(const_canonical_chromosomes, pruning.mode = ""coarse"")"
"0","list_peak$H3K9me3$Individual_4_LP <- list_peak_wasp$H3K9me3_LP[[4]]     %>% keepSeqlevels(const_canonical_chromosomes, pruning.mode = ""coarse"")"
"0","list_peak$H3K9me3$Individual_5_LP <- list_peak_wasp$H3K9me3_LP[[5]]     %>% keepSeqlevels(const_canonical_chromosomes, pruning.mode = ""coarse"")"
"0","list_peak$H3K9me3$Individual_6_LP <- list_peak_wasp$H3K9me3_LP[[6]]     %>% keepSeqlevels(const_canonical_chromosomes, pruning.mode = ""coarse"")"
"0","list_peak$H3K9me3$Individual_7_LP <- list_peak_wasp$H3K9me3_LP[[7]]     %>% keepSeqlevels(const_canonical_chromosomes, pruning.mode = ""coarse"")"
"0","list_peak$H3K9me3$Individual_8_LP <- list_peak_wasp$H3K9me3_LP[[8]]     %>% keepSeqlevels(const_canonical_chromosomes, pruning.mode = ""coarse"")"
"0","list_peak$H3K9me3$Individual_1_LC <- list_peak_wasp$H3K9me3_LC[[1]]     %>% keepSeqlevels(const_canonical_chromosomes, pruning.mode = ""coarse"")"
"0","list_peak$H3K9me3$Individual_2_LC <- list_peak_wasp$H3K9me3_LC[[2]]     %>% keepSeqlevels(const_canonical_chromosomes, pruning.mode = ""coarse"")"
"0","list_peak$H3K9me3$Individual_3_LC <- list_peak_wasp$H3K9me3_LC[[3]]     %>% keepSeqlevels(const_canonical_chromosomes, pruning.mode = ""coarse"")"
"0","list_peak$H3K9me3$Individual_4_LC <- list_peak_wasp$H3K9me3_LC[[4]]     %>% keepSeqlevels(const_canonical_chromosomes, pruning.mode = ""coarse"")"
"0","list_peak$H3K9me3$Individual_5_LC <- list_peak_wasp$H3K9me3_LC[[5]]     %>% keepSeqlevels(const_canonical_chromosomes, pruning.mode = ""coarse"")"
"0","list_peak$H3K9me3$Individual_6_LC <- list_peak_wasp$H3K9me3_LC[[6]]     %>% keepSeqlevels(const_canonical_chromosomes, pruning.mode = ""coarse"")"
"0","list_peak$H3K9me3$Individual_7_LC <- list_peak_wasp$H3K9me3_LC[[7]]     %>% keepSeqlevels(const_canonical_chromosomes, pruning.mode = ""coarse"")"
"0","list_peak$H3K9me3$Individual_8_LC <- list_peak_wasp$H3K9me3_LC[[8]]     %>% keepSeqlevels(const_canonical_chromosomes, pruning.mode = ""coarse"")"
"0","list_peak$H3K9me3$Individual_1_SC <- list_peak_wasp$H3K9me3_SC[[1]]     %>% keepSeqlevels(const_canonical_chromosomes, pruning.mode = ""coarse"")"
"0","list_peak$H3K9me3$Individual_2_SC <- list_peak_wasp$H3K9me3_SC[[2]]     %>% keepSeqlevels(const_canonical_chromosomes, pruning.mode = ""coarse"")"
"0","list_peak$H3K9me3$Individual_3_SC <- list_peak_wasp$H3K9me3_SC[[3]]     %>% keepSeqlevels(const_canonical_chromosomes, pruning.mode = ""coarse"")"
"0","list_peak$H3K9me3$Individual_4_SC <- list_peak_wasp$H3K9me3_SC[[4]]     %>% keepSeqlevels(const_canonical_chromosomes, pruning.mode = ""coarse"")"
"0","list_peak$H3K9me3$Individual_5_SC <- list_peak_wasp$H3K9me3_SC[[5]]     %>% keepSeqlevels(const_canonical_chromosomes, pruning.mode = ""coarse"")"
"0","list_peak$H3K9me3$Individual_6_SC <- list_peak_wasp$H3K9me3_SC[[6]]     %>% keepSeqlevels(const_canonical_chromosomes, pruning.mode = ""coarse"")"
"0","list_peak$H3K9me3$Individual_7_SC <- list_peak_wasp$H3K9me3_SC[[7]]     %>% keepSeqlevels(const_canonical_chromosomes, pruning.mode = ""coarse"")"
"0","list_peak$H3K9me3$Individual_8_SC <- list_peak_wasp$H3K9me3_SC[[8]]     %>% keepSeqlevels(const_canonical_chromosomes, pruning.mode = ""coarse"")"
"0","list_peak$H3K9me3$MCF10A          <- cl_peak_wasp$H3K9me3[[""mcf10a""]]   %>% keepSeqlevels(const_canonical_chromosomes, pruning.mode = ""coarse"")"
"0","list_peak$H3K9me3$hTERT_L9        <- cl_peak_wasp$H3K9me3[[""htert_l9""]] %>% keepSeqlevels(const_canonical_chromosomes, pruning.mode = ""coarse"")"
"0","list_peak$H3K9me3$hTERT_L2        <- cl_peak_wasp$H3K9me3[[""htert_l2""]] %>% keepSeqlevels(const_canonical_chromosomes, pruning.mode = ""coarse"")"
"0",""
"0","# $H3K27me3"
"0","# Section"
"0","list_peak$H3K27me3 <- GRangesList()"
"0","# Subsections"
"0","list_peak$H3K27me3$Individual_1_BC <- list_peak_wasp$H3K27me3_BC[[1]]     %>% keepSeqlevels(const_canonical_chromosomes, pruning.mode = ""coarse"")"
"0","list_peak$H3K27me3$Individual_2_BC <- list_peak_wasp$H3K27me3_BC[[2]]     %>% keepSeqlevels(const_canonical_chromosomes, pruning.mode = ""coarse"")"
"0","list_peak$H3K27me3$Individual_3_BC <- list_peak_wasp$H3K27me3_BC[[3]]     %>% keepSeqlevels(const_canonical_chromosomes, pruning.mode = ""coarse"")"
"0","list_peak$H3K27me3$Individual_4_BC <- list_peak_wasp$H3K27me3_BC[[4]]     %>% keepSeqlevels(const_canonical_chromosomes, pruning.mode = ""coarse"")"
"0","list_peak$H3K27me3$Individual_5_BC <- list_peak_wasp$H3K27me3_BC[[5]]     %>% keepSeqlevels(const_canonical_chromosomes, pruning.mode = ""coarse"")"
"0","list_peak$H3K27me3$Individual_6_BC <- list_peak_wasp$H3K27me3_BC[[6]]     %>% keepSeqlevels(const_canonical_chromosomes, pruning.mode = ""coarse"")"
"0","list_peak$H3K27me3$Individual_7_BC <- list_peak_wasp$H3K27me3_BC[[7]]     %>% keepSeqlevels(const_canonical_chromosomes, pruning.mode = ""coarse"")"
"0","list_peak$H3K27me3$Individual_8_BC <- list_peak_wasp$H3K27me3_BC[[8]]     %>% keepSeqlevels(const_canonical_chromosomes, pruning.mode = ""coarse"")"
"0","list_peak$H3K27me3$Individual_1_LP <- list_peak_wasp$H3K27me3_LP[[1]]     %>% keepSeqlevels(const_canonical_chromosomes, pruning.mode = ""coarse"")"
"0","list_peak$H3K27me3$Individual_2_LP <- list_peak_wasp$H3K27me3_LP[[2]]     %>% keepSeqlevels(const_canonical_chromosomes, pruning.mode = ""coarse"")"
"0","list_peak$H3K27me3$Individual_3_LP <- list_peak_wasp$H3K27me3_LP[[3]]     %>% keepSeqlevels(const_canonical_chromosomes, pruning.mode = ""coarse"")"
"0","list_peak$H3K27me3$Individual_4_LP <- list_peak_wasp$H3K27me3_LP[[4]]     %>% keepSeqlevels(const_canonical_chromosomes, pruning.mode = ""coarse"")"
"0","list_peak$H3K27me3$Individual_5_LP <- list_peak_wasp$H3K27me3_LP[[5]]     %>% keepSeqlevels(const_canonical_chromosomes, pruning.mode = ""coarse"")"
"0","list_peak$H3K27me3$Individual_6_LP <- list_peak_wasp$H3K27me3_LP[[6]]     %>% keepSeqlevels(const_canonical_chromosomes, pruning.mode = ""coarse"")"
"0","list_peak$H3K27me3$Individual_7_LP <- list_peak_wasp$H3K27me3_LP[[7]]     %>% keepSeqlevels(const_canonical_chromosomes, pruning.mode = ""coarse"")"
"0","list_peak$H3K27me3$Individual_8_LP <- list_peak_wasp$H3K27me3_LP[[8]]     %>% keepSeqlevels(const_canonical_chromosomes, pruning.mode = ""coarse"")"
"0","list_peak$H3K27me3$Individual_1_LC <- list_peak_wasp$H3K27me3_LC[[1]]     %>% keepSeqlevels(const_canonical_chromosomes, pruning.mode = ""coarse"")"
"0","list_peak$H3K27me3$Individual_2_LC <- list_peak_wasp$H3K27me3_LC[[2]]     %>% keepSeqlevels(const_canonical_chromosomes, pruning.mode = ""coarse"")"
"0","list_peak$H3K27me3$Individual_3_LC <- list_peak_wasp$H3K27me3_LC[[3]]     %>% keepSeqlevels(const_canonical_chromosomes, pruning.mode = ""coarse"")"
"0","list_peak$H3K27me3$Individual_4_LC <- list_peak_wasp$H3K27me3_LC[[4]]     %>% keepSeqlevels(const_canonical_chromosomes, pruning.mode = ""coarse"")"
"0","list_peak$H3K27me3$Individual_5_LC <- list_peak_wasp$H3K27me3_LC[[5]]     %>% keepSeqlevels(const_canonical_chromosomes, pruning.mode = ""coarse"")"
"0","list_peak$H3K27me3$Individual_6_LC <- list_peak_wasp$H3K27me3_LC[[6]]     %>% keepSeqlevels(const_canonical_chromosomes, pruning.mode = ""coarse"")"
"0","list_peak$H3K27me3$Individual_7_LC <- list_peak_wasp$H3K27me3_LC[[7]]     %>% keepSeqlevels(const_canonical_chromosomes, pruning.mode = ""coarse"")"
"0","list_peak$H3K27me3$Individual_8_LC <- list_peak_wasp$H3K27me3_LC[[8]]     %>% keepSeqlevels(const_canonical_chromosomes, pruning.mode = ""coarse"")"
"0","list_peak$H3K27me3$Individual_1_SC <- list_peak_wasp$H3K27me3_SC[[1]]     %>% keepSeqlevels(const_canonical_chromosomes, pruning.mode = ""coarse"")"
"0","list_peak$H3K27me3$Individual_2_SC <- list_peak_wasp$H3K27me3_SC[[2]]     %>% keepSeqlevels(const_canonical_chromosomes, pruning.mode = ""coarse"")"
"0","list_peak$H3K27me3$Individual_3_SC <- list_peak_wasp$H3K27me3_SC[[3]]     %>% keepSeqlevels(const_canonical_chromosomes, pruning.mode = ""coarse"")"
"0","list_peak$H3K27me3$Individual_4_SC <- list_peak_wasp$H3K27me3_SC[[4]]     %>% keepSeqlevels(const_canonical_chromosomes, pruning.mode = ""coarse"")"
"0","list_peak$H3K27me3$Individual_5_SC <- list_peak_wasp$H3K27me3_SC[[5]]     %>% keepSeqlevels(const_canonical_chromosomes, pruning.mode = ""coarse"")"
"0","list_peak$H3K27me3$Individual_6_SC <- list_peak_wasp$H3K27me3_SC[[6]]     %>% keepSeqlevels(const_canonical_chromosomes, pruning.mode = ""coarse"")"
"0","list_peak$H3K27me3$Individual_7_SC <- list_peak_wasp$H3K27me3_SC[[7]]     %>% keepSeqlevels(const_canonical_chromosomes, pruning.mode = ""coarse"")"
"0","list_peak$H3K27me3$Individual_8_SC <- list_peak_wasp$H3K27me3_SC[[8]]     %>% keepSeqlevels(const_canonical_chromosomes, pruning.mode = ""coarse"")"
"0","list_peak$H3K27me3$MCF10A          <- cl_peak_wasp$H3K27me3[[""mcf10a""]]   %>% keepSeqlevels(const_canonical_chromosomes, pruning.mode = ""coarse"")"
"0","list_peak$H3K27me3$hTERT_L9        <- cl_peak_wasp$H3K27me3[[""htert_l9""]] %>% keepSeqlevels(const_canonical_chromosomes, pruning.mode = ""coarse"")"
"0","list_peak$H3K27me3$hTERT_L2        <- cl_peak_wasp$H3K27me3[[""htert_l2""]] %>% keepSeqlevels(const_canonical_chromosomes, pruning.mode = ""coarse"")"
"0",""
"0","# $H3K36me3"
"0","# Section"
"0","list_peak$H3K36me3 <- GRangesList()"
"0","# Subsections"
"0","list_peak$H3K36me3$Individual_1_BC <- list_peak_wasp$H3K36me3_BC[[1]]     %>% keepSeqlevels(const_canonical_chromosomes, pruning.mode = ""coarse"")"
"0","list_peak$H3K36me3$Individual_2_BC <- list_peak_wasp$H3K36me3_BC[[2]]     %>% keepSeqlevels(const_canonical_chromosomes, pruning.mode = ""coarse"")"
"0","list_peak$H3K36me3$Individual_3_BC <- list_peak_wasp$H3K36me3_BC[[3]]     %>% keepSeqlevels(const_canonical_chromosomes, pruning.mode = ""coarse"")"
"0","list_peak$H3K36me3$Individual_4_BC <- list_peak_wasp$H3K36me3_BC[[4]]     %>% keepSeqlevels(const_canonical_chromosomes, pruning.mode = ""coarse"")"
"0","list_peak$H3K36me3$Individual_5_BC <- list_peak_wasp$H3K36me3_BC[[5]]     %>% keepSeqlevels(const_canonical_chromosomes, pruning.mode = ""coarse"")"
"0","list_peak$H3K36me3$Individual_6_BC <- list_peak_wasp$H3K36me3_BC[[6]]     %>% keepSeqlevels(const_canonical_chromosomes, pruning.mode = ""coarse"")"
"0","list_peak$H3K36me3$Individual_7_BC <- list_peak_wasp$H3K36me3_BC[[7]]     %>% keepSeqlevels(const_canonical_chromosomes, pruning.mode = ""coarse"")"
"0","list_peak$H3K36me3$Individual_8_BC <- list_peak_wasp$H3K36me3_BC[[8]]     %>% keepSeqlevels(const_canonical_chromosomes, pruning.mode = ""coarse"")"
"0","list_peak$H3K36me3$Individual_1_LP <- list_peak_wasp$H3K36me3_LP[[1]]     %>% keepSeqlevels(const_canonical_chromosomes, pruning.mode = ""coarse"")"
"0","list_peak$H3K36me3$Individual_2_LP <- list_peak_wasp$H3K36me3_LP[[2]]     %>% keepSeqlevels(const_canonical_chromosomes, pruning.mode = ""coarse"")"
"0","list_peak$H3K36me3$Individual_3_LP <- list_peak_wasp$H3K36me3_LP[[3]]     %>% keepSeqlevels(const_canonical_chromosomes, pruning.mode = ""coarse"")"
"0","list_peak$H3K36me3$Individual_4_LP <- list_peak_wasp$H3K36me3_LP[[4]]     %>% keepSeqlevels(const_canonical_chromosomes, pruning.mode = ""coarse"")"
"0","list_peak$H3K36me3$Individual_5_LP <- list_peak_wasp$H3K36me3_LP[[5]]     %>% keepSeqlevels(const_canonical_chromosomes, pruning.mode = ""coarse"")"
"0","list_peak$H3K36me3$Individual_6_LP <- list_peak_wasp$H3K36me3_LP[[6]]     %>% keepSeqlevels(const_canonical_chromosomes, pruning.mode = ""coarse"")"
"0","list_peak$H3K36me3$Individual_7_LP <- list_peak_wasp$H3K36me3_LP[[7]]     %>% keepSeqlevels(const_canonical_chromosomes, pruning.mode = ""coarse"")"
"0","list_peak$H3K36me3$Individual_8_LP <- list_peak_wasp$H3K36me3_LP[[8]]     %>% keepSeqlevels(const_canonical_chromosomes, pruning.mode = ""coarse"")"
"0","list_peak$H3K36me3$Individual_1_LC <- list_peak_wasp$H3K36me3_LC[[1]]     %>% keepSeqlevels(const_canonical_chromosomes, pruning.mode = ""coarse"")"
"0","list_peak$H3K36me3$Individual_2_LC <- list_peak_wasp$H3K36me3_LC[[2]]     %>% keepSeqlevels(const_canonical_chromosomes, pruning.mode = ""coarse"")"
"0","list_peak$H3K36me3$Individual_3_LC <- list_peak_wasp$H3K36me3_LC[[3]]     %>% keepSeqlevels(const_canonical_chromosomes, pruning.mode = ""coarse"")"
"0","list_peak$H3K36me3$Individual_4_LC <- list_peak_wasp$H3K36me3_LC[[4]]     %>% keepSeqlevels(const_canonical_chromosomes, pruning.mode = ""coarse"")"
"0","list_peak$H3K36me3$Individual_5_LC <- list_peak_wasp$H3K36me3_LC[[5]]     %>% keepSeqlevels(const_canonical_chromosomes, pruning.mode = ""coarse"")"
"0","list_peak$H3K36me3$Individual_6_LC <- list_peak_wasp$H3K36me3_LC[[6]]     %>% keepSeqlevels(const_canonical_chromosomes, pruning.mode = ""coarse"")"
"0","list_peak$H3K36me3$Individual_7_LC <- list_peak_wasp$H3K36me3_LC[[7]]     %>% keepSeqlevels(const_canonical_chromosomes, pruning.mode = ""coarse"")"
"0","list_peak$H3K36me3$Individual_8_LC <- list_peak_wasp$H3K36me3_LC[[8]]     %>% keepSeqlevels(const_canonical_chromosomes, pruning.mode = ""coarse"")"
"0","list_peak$H3K36me3$Individual_1_SC <- list_peak_wasp$H3K36me3_SC[[1]]     %>% keepSeqlevels(const_canonical_chromosomes, pruning.mode = ""coarse"")"
"0","list_peak$H3K36me3$Individual_2_SC <- list_peak_wasp$H3K36me3_SC[[2]]     %>% keepSeqlevels(const_canonical_chromosomes, pruning.mode = ""coarse"")"
"0","list_peak$H3K36me3$Individual_3_SC <- list_peak_wasp$H3K36me3_SC[[3]]     %>% keepSeqlevels(const_canonical_chromosomes, pruning.mode = ""coarse"")"
